{
	"format_version": "1.8.0",
	"animations": {
		"animation.agriculture_tnt.new": {
			"loop": true,
			"animation_length": 2.2083,
			"bones": {
				"bone": {
					"rotation": {
						"0.0": [
							0,
							0,
							0
						],
						"0.0417": [
							0,
							6.8088,
							0
						],
						"0.0833": [
							0,
							17.27905,
							0
						],
						"0.125": [
							0,
							28.86817,
							0
						],
						"0.1667": [
							0,
							41.05501,
							0
						],
						"0.2083": [
							0,
							53.623,
							0
						],
						"0.25": [
							0,
							66.45398,
							0
						],
						"0.2917": [
							0,
							79.47831,
							0
						],
						"0.3333": [
							0,
							92.64763,
							0
						],
						"0.7083": [
							0,
							213.80206,
							0
						],
						"0.875": [
							0,
							267.35237,
							0
						],
						"0.9167": [
							0,
							280.52169,
							0
						],
						"0.9583": [
							0,
							293.54602,
							0
						],
						"1.0": [
							0,
							306.377,
							0
						],
						"1.0417": [
							0,
							318.94499,
							0
						],
						"1.0833": [
							0,
							331.13183,
							0
						],
						"1.125": [
							0,
							342.72095,
							0
						],
						"1.1667": [
							0,
							353.1912,
							0
						],
						"1.2083": [
							0,
							360,
							0
						],
						"1.25": [
							0,
							373.54368,
							0
						],
						"1.2917": [
							0,
							395.29765,
							0
						],
						"1.3333": [
							0,
							419.72868,
							0
						],
						"1.375": [
							0,
							445.59062,
							0
						],
						"1.4167": [
							0,
							472.35878,
							0
						],
						"1.4583": [
							0,
							499.74739,
							0
						],
						"1.5": [
							0,
							527.57835,
							0
						],
						"1.5417": [
							0,
							555.73021,
							0
						],
						"1.5833": [
							0,
							584.11411,
							0
						],
						"1.625": [
							0,
							612.6585,
							0
						],
						"1.7917": [
							0,
							727.3415,
							0
						],
						"1.8333": [
							0,
							755.88589,
							0
						],
						"1.875": [
							0,
							784.26979,
							0
						],
						"1.9167": [
							0,
							812.42165,
							0
						],
						"1.9583": [
							0,
							840.25261,
							0
						],
						"2.0": [
							0,
							867.64122,
							0
						],
						"2.0417": [
							0,
							894.40938,
							0
						],
						"2.0833": [
							0,
							920.27132,
							0
						],
						"2.125": [
							0,
							944.70235,
							0
						],
						"2.1667": [
							0,
							966.45632,
							0
						],
						"2.2083": [
							0,
							"980",
							0
						]
					},
					"scale": {
						"0.0": {
							"post": [
								1,
								1,
								1
							],
							"lerp_mode": "catmullrom"
						},
						"0.7083": {
							"post": [
								1.4,
								1.4,
								1.4
							],
							"lerp_mode": "catmullrom"
						},
						"1.125": {
							"post": [
								1,
								1,
								1
							],
							"lerp_mode": "catmullrom"
						},
						"1.4583": {
							"post": [
								1.4,
								1.4,
								1.4
							],
							"lerp_mode": "catmullrom"
						},
						"1.6667": {
							"post": [
								1,
								1,
								1
							],
							"lerp_mode": "catmullrom"
						},
						"1.875": {
							"post": [
								1.4,
								1.4,
								1.4
							],
							"lerp_mode": "catmullrom"
						},
						"2.0417": {
							"post": [
								1,
								1,
								1
							],
							"lerp_mode": "catmullrom"
						},
						"2.1667": {
							"post": [
								1.4,
								1.4,
								1.4
							],
							"lerp_mode": "catmullrom"
						},
						"2.2083": {
							"post": [
								1,
								1,
								1
							],
							"lerp_mode": "catmullrom"
						}
					}
				}
			}
		}
	}
}