{
	"format_version": "1.8.0",
	"animations": {
		"animation.zombiev2.deadfall": {
			"loop": "hold_on_last_frame",
			"animation_length": 9.5,
			"bones": {
				"body": {
					"rotation": {
						"0.0": [15, 0, 0],
						"0.4375": [-72.5, 0, 0]
					},
					"position": {
						"0.0": [0, 0, 0],
						"0.4375": [0, -3.67, 16.67]
					}
				},
				"head": {
					"rotation": {
						"0.0": [-17.35932, -2.24944, -7.15656],
						"0.125": [-27.25003, -2.99318, -9.54589],
						"0.4375": [42.74997, -2.99318, -9.54589],
						"1.125": [53.20191, -14.69308, 3.64996],
						"1.875": [39.58939, -0.51483, -6.72732],
						"2.5": [32.08939, -0.51483, -6.72732],
						"3.625": [53.20191, -14.69308, 3.64996],
						"4.375": [39.58939, -0.51483, -6.72732],
						"5.0": [32.08939, -0.51483, -6.72732],
						"5.625": [53.20191, -14.69308, 3.64996],
						"6.375": [39.58939, -0.51483, -6.72732],
						"7.0": [32.08939, -0.51483, -6.72732],
						"8.125": [53.20191, -14.69308, 3.64996],
						"8.875": [39.58939, -0.51483, -6.72732],
						"9.5": [32.08939, -0.51483, -6.72732]
					}
				},
				"rightArm": {
					"rotation": {
						"0.0": [-20, 0, 0],
						"0.125": [-90.75796, 30.06964, -10.26788],
						"0.4375": [-73.25796, 30.06964, -10.26788],
						"1.125": [-88.62422, 39.59436, -6.54593],
						"1.875": [-76.35583, 22.09849, -6.9924],
						"2.5": [-107.85032, 31.65917, -10.28579],
						"3.625": [-88.62422, 39.59436, -6.54593],
						"4.375": [-76.35583, 22.09849, -6.9924],
						"5.0": [-107.85032, 31.65917, -10.28579],
						"5.625": [-88.62422, 39.59436, -6.54593],
						"6.375": [-76.35583, 22.09849, -6.9924],
						"7.0": [-107.85032, 31.65917, -10.28579],
						"8.125": [-88.62422, 39.59436, -6.54593],
						"8.875": [-76.35583, 22.09849, -6.9924],
						"9.5": [-107.85032, 31.65917, -10.28579]
					}
				},
				"leftArm": {
					"rotation": {
						"0.0": [7.5, 0, 0],
						"0.125": [-98.44236, -27.24513, 3.88714],
						"0.4375": [-100.94236, -27.24513, 3.88714],
						"1.125": [-122.4214, -31.50112, 6.89993],
						"1.875": [-85.34875, -16.05516, 16.97326],
						"2.5": [-91.97399, -35.97849, 15.0092],
						"3.625": [-122.4214, -31.50112, 6.89993],
						"4.375": [-85.34875, -16.05516, 16.97326],
						"5.0": [-91.97399, -35.97849, 15.0092],
						"5.625": [-122.4214, -31.50112, 6.89993],
						"6.375": [-85.34875, -16.05516, 16.97326],
						"7.0": [-91.97399, -35.97849, 15.0092],
						"8.125": [-122.4214, -31.50112, 6.89993],
						"8.875": [-85.34875, -16.05516, 16.97326],
						"9.5": [-91.97399, -35.97849, 15.0092]
					}
				},
				"rightLeg": {
					"rotation": {
						"0.0": [-12.5, 0, 0],
						"0.125": [-36.87, 0, 0],
						"0.25": [-26.25, 0, 0],
						"0.375": [5, 0, 0],
						"0.5625": [-56.59341, 12.60837, 8.19252],
						"1.125": [-78.83568, 17.51604, 9.18335],
						"1.875": [-69.50214, 10.50491, 6.43617],
						"2.5": [-47.23913, 19.86631, 15.03149],
						"3.0625": [-56.59341, 12.60837, 8.19252],
						"3.625": [-78.83568, 17.51604, 9.18335],
						"4.375": [-69.50214, 10.50491, 6.43617],
						"5.0": [-47.23913, 19.86631, 15.03149],
						"5.625": [-78.83568, 17.51604, 9.18335],
						"6.375": [-69.50214, 10.50491, 6.43617],
						"7.0": [-47.23913, 19.86631, 15.03149],
						"7.5625": [-56.59341, 12.60837, 8.19252],
						"8.125": [-78.83568, 17.51604, 9.18335],
						"8.875": [-69.50214, 10.50491, 6.43617],
						"9.5": [-47.23913, 19.86631, 15.03149]
					}
				},
				"leftLeg": {
					"rotation": {
						"0.0": [-25, 0, 0],
						"0.125": [-34.10988, -2.4847, -5.0184],
						"0.25": [-29.05309, -4.96939, -10.0368],
						"0.375": [-1.43952, -9.93879, -20.07359],
						"0.5625": [-49.98934, -23.80857, -41.88881],
						"1.125": [-42.20099, -18.87381, -35.82206],
						"1.875": [-61.32498, -5.79745, -28.2803],
						"2.5": [-42.63837, -12.65655, -35.65744],
						"3.0625": [-49.98934, -23.80857, -41.88881],
						"3.625": [-42.20099, -18.87381, -35.82206],
						"4.375": [-61.32498, -5.79745, -28.2803],
						"5.0": [-42.63837, -12.65655, -35.65744],
						"5.625": [-42.20099, -18.87381, -35.82206],
						"6.375": [-61.32498, -5.79745, -28.2803],
						"7.0": [-42.63837, -12.65655, -35.65744],
						"7.5625": [-49.98934, -23.80857, -41.88881],
						"8.125": [-42.20099, -18.87381, -35.82206],
						"8.875": [-61.32498, -5.79745, -28.2803],
						"9.5": [-42.63837, -12.65655, -35.65744]
					}
				},
				"waist": {
					"rotation": [0, 0, 0],
					"position": {
						"0.0": [0, 0, -2],
						"0.4375": [0, -2, -2],
						"0.5625": [0, -15, -2],
						"3.0625": [0, -15, -2],
						"7.5625": [0, -15, -2]
					}
				}
			}
		},
		"animation.zombiev2.deadground": {
			"loop": "hold_on_last_frame",
			"animation_length": 0.375,
			"bones": {
				"body": {
					"rotation": {
						"0.0": [-72.5, 0, 0],
						"0.0625": [-72.5, 0, 0],
						"0.25": [-90, 0, 0]
					},
					"position": {
						"0.0": [0, -3.67, 16.67],
						"0.25": [0, -9.67, 16.67]
					}
				},
				"head": {
					"rotation": {
						"0.0": [32.08939, -0.51483, -6.72732],
						"0.1875": [22.75, -2.99, -9.55],
						"0.25": [20.2688, 2.83809, -23.37202]
					}
				},
				"rightArm": {
					"rotation": {
						"0.0": [-107.85032, 31.65917, -10.28579],
						"0.125": [-107.85032, 31.65917, -10.28579],
						"0.1875": [-125.07, 51.2, -30.83],
						"0.25": [-142.28473, 70.74158, -51.36936]
					}
				},
				"leftArm": {
					"rotation": {
						"0.0": [-91.97399, -35.97849, 15.0092],
						"0.125": [-91.97399, -35.97849, 15.0092],
						"0.1875": [-48, -36.44, -11.87],
						"0.25": [-4.02433, -36.8986, -38.74541]
					}
				},
				"rightLeg": {
					"rotation": {
						"0.0": [-47.23913, 19.86631, 15.03149],
						"0.125": [-20, 0, 0],
						"0.1875": [-10, 0, 0],
						"0.25": [0, 0, 0]
					}
				},
				"leftLeg": {
					"rotation": {
						"0.0": [-42.63837, -12.65655, -35.65744],
						"0.1875": [-21.43952, -9.93879, -20.07359],
						"0.25": [-1.43952, -9.93879, -20.07359]
					}
				},
				"waist": {
					"position": {
						"0.0": [0, -15, -2],
						"0.25": [0, -12, -2]
					}
				}
			}
		},
		"animation.zombiev2.deadground2": {
			"loop": "hold_on_last_frame",
			"animation_length": 0.375,
			"bones": {
				"body": {
					"rotation": {
						"0.0": [-72.5, 0, 0],
						"0.0625": [-72.5, 0, 0],
						"0.1875": [-84.17, 0, 0],
						"0.25": [-90, 0, 0]
					},
					"position": {
						"0.0": [0, -3.67, 16.67],
						"0.25": [0, -9.67, 16.67]
					}
				},
				"head": {
					"rotation": {
						"0.0": [32.08939, -0.51483, -6.72732],
						"0.1875": [33.73, -14.69, -16.06],
						"0.25": [34.28221, -19.42092, -19.17586]
					}
				},
				"rightArm": {
					"rotation": {
						"0.0": [-107.85032, 31.65917, -10.28579],
						"0.1875": [-34.78, 32.95, 23.33],
						"0.25": [-10.42318, 33.38455, 34.5409]
					}
				},
				"leftArm": {
					"rotation": {
						"0.0": [-91.97399, -35.97849, 15.0092],
						"0.1875": [-125.53, -74.85, 49.16],
						"0.25": [-136.70875, -87.80526, 60.53698]
					}
				},
				"rightLeg": {
					"rotation": {
						"0.0": [-47.23913, 19.86631, 15.03149],
						"0.1875": [-9.83, 12.37, 14.67],
						"0.25": [2.63554, 9.87734, 14.54504]
					}
				},
				"leftLeg": {
					"rotation": {
						"0.0": [-42.63837, -12.65655, -35.65744],
						"0.1875": [-10.76, -7.03, -35.67],
						"0.25": [-0.13555, -5.15658, -35.67557]
					}
				},
				"waist": {
					"rotation": [0, 0, 0],
					"position": {
						"0.0": [0, -15, -2],
						"0.25": [0, -12, -2]
					}
				}
			}
		},
		"animation.zombiev2.deadground3": {
			"loop": "hold_on_last_frame",
			"animation_length": 0.375,
			"bones": {
				"body": {
					"rotation": {
						"0.0": [-72.5, 0, 0],
						"0.0625": [-72.5, 0, 0],
						"0.1875": [-84.17, 0, 0],
						"0.25": [-90, 0, 0]
					},
					"position": {
						"0.0": [0, -3.67, 16.67],
						"0.25": [0, -9.67, 16.67]
					}
				},
				"head": {
					"rotation": {
						"0.0": [32.08939, -0.51483, -6.72732],
						"0.1875": [12.98, -0.68, 4.56],